<?xml version="1.0" encoding="UTF-8"?>
<?xml-stylesheet type="text/xsl" href="configuration.xsl"?>
<configuration>
        <property>
                <name>dfs.replication</name>
                <value>2</value>
        </property>
        <property>
                <name>dfs.datanode.data.dir</name>
                <value>/home/vagrant/hadoop/hdfs/data</value>
        </property>
                  <property>
       <name>dfs.namenode.name.dir</name>
       <value>file:/home/vagrant/hadoop/data/namenode</value>
     </property>
   
        <property>
    <name>dfs.blocksize</name>
    <value>10485760</value>
  </property>
        <property>
                <name>dfs.permissions</name>
                <value>false</value>
        </property>
        
   
</configuration>



