<?xml version="1.0" encoding="UTF-8"?>
<?xml-stylesheet type="text/xsl" href="configuration.xsl"?>

<configuration>
    <property>
        <name>yarn.acl.enable</name>
        <value>0</value>
    </property>
    <property>
        <name>yarn.resourcemanager.hostname</name>                
        <value>0.0.0.0</value>
    </property>
    <property>
        <name>yarn.resourcemanager.address</name>
        <value>0.0.0.0:8032</value>
    </property>
    <property>
        <name>yarn.nodemanager.aux-services</name>
        <value>mapreduce_shuffle</value>
        </property>
    <property>
        <name>yarn.nodemanager.vmem-check-enabled</name>
        <value>false</value>
    </property>
</configuration>